{
  "resourceType" : "CodeSystem",
  "id" : "1a43e3c8-c131-475f-93b1-a6868a75c6d3-12",
  "url" : "http://hl7.org/fhir/comparison/CodeSystem/1a43e3c8-c131-475f-93b1-a6868a75c6d3-12",
  "name" : "IntersectionKeyUsageAndKeyUsage",
  "title" : "Intersection of WHO GDHCN Key Usage CodeSystem And WHO GDHCN Key Usage CodeSystem",
  "status" : "active",
  "date" : "2025-09-16T15:56:28+00:00",
  "jurisdiction" : [{
    "coding" : [{
      "system" : "http://unstats.un.org/unsd/methods/m49/m49.htm",
      "code" : "001"
    }]
  }],
  "concept" : [{
    "code" : "SCA",
    "display" : "Signer Certificate Authority (SCA)",
    "definition" : "A certificate which acts a trust anchor in the verification of the certificate chain for the DSCs issued by a Trust Network participant"
  },
  {
    "code" : "DSC",
    "display" : "Document Signing Certificate (DSC)",
    "definition" : "A certificate which may be used to verify a digital signature within a Verfifiable Digital Health Certificate"
  },
  {
    "code" : "DECA",
    "display" : "Data Exchange Certificate Authority (DECA)",
    "definition" : "A certificate which acts a trust anchor in the verification of the certificate chain for the DESCs issued by a Trust Network Participant"
  },
  {
    "code" : "DESC",
    "display" : "Data Exchange Signing Certificate (DESC)",
    "definition" : "A certificate which may be used to initiate a secure data exchange connection (e.g. mTLS) between Trust Network Participants"
  },
  {
    "code" : "TLS",
    "display" : "Transport Layer Security (TLS)",
    "definition" : "Used for establishing (m)TLS connections with systems, in particular between the Trust Network Gateway and backend systems of a Trust Network Participant"
  },
  {
    "code" : "UP",
    "display" : "Upload (UP)",
    "definition" : "Used to verify digital signature of cryptographically signed content uploaded to services within the Global Digital Health Certification Network, in particular the Trust Network Gateway"
  }]
}