{
  "resourceType" : "CodeSystem",
  "id" : "1a43e3c8-c131-475f-93b1-a6868a75c6d3-15",
  "url" : "http://hl7.org/fhir/comparison/CodeSystem/1a43e3c8-c131-475f-93b1-a6868a75c6d3-15",
  "name" : "IntersectionParticipantsAndParticipants",
  "title" : "Intersection of WHO GDHCN Trust Network Participants CodeSystem And WHO GDHCN Trust Network Participants CodeSystem",
  "status" : "active",
  "date" : "2025-09-16T15:56:28+00:00",
  "jurisdiction" : [{
    "coding" : [{
      "system" : "http://unstats.un.org/unsd/methods/m49/m49.htm",
      "code" : "001"
    }]
  }],
  "concept" : [{
    "code" : "WHO",
    "display" : "WHO",
    "definition" : "World Health Organization"
  }]
}