{
  "codeSystems" : [
    {
      "url" : "http://smart.who.int/refmart/CodeSystems/REF_COUNTRY",
      "version" : "1.1.6",
      "status" : "draft",
      "name" : "RefMartCountryList",
      "title" : "WHO RefMart Jurisidiction List",
      "description" : "CodeSystem for WHO Refmart Country and Jurisidiction List available at https://xmart-api-public.who.int/REFMART/REF_COUNTRY for Production environment",
      "uses" : {
      },
      "ValueSet-Participants-UAT.html" : "WHO GDHCN Trust Network Participant - UAT",
      "ValueSet-Participants.html" : "WHO GDHCN Trust Network Participant",
      "ValueSet-Participants-DEV.html" : "WHO GDHCN Trust Network Participant - DEV"
    },
    {
      "url" : "http://smart.who.int/trust/CodeSystem/Actors",
      "version" : "1.1.6",
      "status" : "active",
      "name" : "Actors",
      "title" : "WHO GDHCN Trust Actors CodeSystem",
      "description" : "CodeSystem for SMART Trust actors that has usage codes for verification keys published to the Trust Network as defined by the [certificate governance](concepts_certificate_governance.html)",
      "uses" : {
      },
      "ValueSet-Actors.html" : "WHO GDHCN Actor ValueSet of actor codes"
    },
    {
      "url" : "http://smart.who.int/trust/CodeSystem/ConnectionTypes",
      "version" : "1.1.6",
      "status" : "active",
      "name" : "ConnectionTypes",
      "title" : "WHO GDHCN Connection Types",
      "description" : "CodeSystem for GDHCN connection types",
      "uses" : {
      },
      "ValueSet-ConnectionTypes.html" : "WHO GDHCN Connection Types"
    },
    {
      "url" : "http://smart.who.int/trust/CodeSystem/Domains",
      "version" : "1.1.6",
      "status" : "draft",
      "name" : "Domains",
      "title" : "WHO GDHCN Trust Domains",
      "description" : "CodeSystem for define WHO GDHCN Trust Domains for Production environment.",
      "uses" : {
      },
      "ValueSet-Domains.html" : "WHO GDHCN Trust Domains"
    },
    {
      "url" : "http://smart.who.int/trust/CodeSystem/Domains-DEV",
      "version" : "1.1.6",
      "status" : "draft",
      "name" : "Domains-DEV",
      "title" : "WHO GDHCN Trust Domains - DEV",
      "description" : "CodeSystem for define WHO GDHCN Trust Domains for Development environment.",
      "uses" : {
      },
      "ValueSet-Domains-DEV.html" : "WHO GDHCN Trust Domains - DEV"
    },
    {
      "url" : "http://smart.who.int/trust/CodeSystem/Domains-UAT",
      "version" : "1.1.6",
      "status" : "draft",
      "name" : "Domains-UAT",
      "title" : "WHO GDHCN Trust Domains - UAT",
      "description" : "CodeSystem for define WHO GDHCN Trust Domains for User Acceptance Testing environment.",
      "uses" : {
      },
      "ValueSet-Domains-UAT.html" : "WHO GDHCN Trust Domains - UAT"
    },
    {
      "url" : "http://smart.who.int/trust/CodeSystem/KeyUsage",
      "version" : "1.1.6",
      "status" : "active",
      "name" : "KeyUsage",
      "title" : "WHO GDHCN Key Usage CodeSystem",
      "description" : "CodeSystem for GDHCN Key Usage that has usage codes for verification keys published to the Trust Network as defined by the [certificate governance](concepts_certificate_governance.html) for Production environment",
      "uses" : {
      },
      "ValueSet-KeyUsage.html" : "WHO GDHCN  Key Usage ValueSet"
    },
    {
      "url" : "http://smart.who.int/trust/CodeSystem/KeyUsage-DEV",
      "version" : "1.1.6",
      "status" : "active",
      "name" : "KeyUsage-DEV",
      "title" : "WHO GDHCN Key Usage CodeSystem - DEV",
      "description" : "CodeSystem for GDHCN Key Usage that has usage codes for verification keys published to the Trust Network as defined by the [certificate governance](concepts_certificate_governance.html) for Development environment",
      "uses" : {
      },
      "ValueSet-KeyUsage-DEV.html" : "WHO GDHCN  Key Usage ValueSet - DEV"
    },
    {
      "url" : "http://smart.who.int/trust/CodeSystem/KeyUsage-UAT",
      "version" : "1.1.6",
      "status" : "active",
      "name" : "KeyUsage-UAT",
      "title" : "WHO GDHCN Key Usage CodeSystem - UAT",
      "description" : "CodeSystem for GDHCN Key Usage that has usage codes for verification keys published to the Trust Network as defined by the [certificate governance](concepts_certificate_governance.html) for User Acceptance Testing environment",
      "uses" : {
      },
      "ValueSet-KeyUsage-UAT.html" : "WHO GDHCN  Key Usage ValueSet - UAT"
    },
    {
      "url" : "http://smart.who.int/trust/CodeSystem/Participants",
      "version" : "1.1.6",
      "status" : "active",
      "name" : "Participants",
      "title" : "WHO GDHCN Trust Network Participants CodeSystem",
      "description" : "CodeSystem for GDHCN Trust Network Participants which are not already included in the ISO-3166 three letter code system for Production environment",
      "uses" : {
      },
      "ValueSet-Participants.html" : "WHO GDHCN Trust Network Participant"
    },
    {
      "url" : "http://smart.who.int/trust/CodeSystem/PayloadTypes",
      "version" : "1.1.6",
      "status" : "active",
      "name" : "PayloadTypes",
      "title" : "WHO GDHCN Payload Types",
      "description" : "CodeSystem for GDHCN Payload types",
      "uses" : {
      },
      "ValueSet-PayloadTypes.html" : "WHO GDHCN Payload Types"
    },
    {
      "url" : "http://smart.who.int/trust/CodeSystem/Transactions",
      "version" : "1.1.6",
      "status" : "active",
      "name" : "Transactions",
      "title" : "WHO GDHCN Transactions CodeSystem",
      "description" : "CodeSystem for GDHCN transactions that has usage codes for verification keys published to the Trust Network as defined by the [certificate governance](concepts_certificate_governance.html)",
      "uses" : {
      },
      "ValueSet-Transactions.html" : "WHO GDHCN Transaction Codes"
    },
    {
      "url" : "http://smart.who.int/trust/CodeSystems/Participants-DEV",
      "version" : "1.1.6",
      "status" : "draft",
      "name" : "Participants-DEV",
      "title" : "WHO GDHCN Trust Network Participant - DEV",
      "description" : "CodeSystem for GDHCN Trust Network Participants for Development environment",
      "uses" : {
      },
      "ValueSet-Participants-DEV.html" : "WHO GDHCN Trust Network Participant - DEV"
    },
    {
      "url" : "http://smart.who.int/trust/CodeSystems/Participants-UAT",
      "version" : "1.1.6",
      "status" : "draft",
      "name" : "Participants-UAT",
      "title" : "WHO GDHCN Trust Network Participant - UAT",
      "description" : "CodeSystem for GDHCN Trust Network Participants for User Acceptance Testing environment",
      "uses" : {
      },
      "ValueSet-Participants-UAT.html" : "WHO GDHCN Trust Network Participant - UAT"
    }
  ]
}
