<?xml version="1.0" encoding="UTF-8"?>

<ValueSet xmlns="http://hl7.org/fhir">
  <id value="KeyUsage-UAT"/>
  <text>
    <status value="extensions"/><div xmlns="http://www.w3.org/1999/xhtml"><p class="res-header-id"><b>Generated Narrative: ValueSet KeyUsage-UAT</b></p><a name="KeyUsage-UAT"> </a><a name="hcKeyUsage-UAT"> </a><ul><li>Include these codes as defined in <a href="CodeSystem-KeyUsage-UAT.html"><code>http://smart.who.int/trust/CodeSystem/KeyUsage-UAT</code></a><table class="none"><tr><td style="white-space:nowrap"><b>Code</b></td><td><b>Display</b></td><td><b>Definition</b></td></tr><tr><td><a href="CodeSystem-KeyUsage-UAT.html#KeyUsage-UAT-SCA">SCA</a></td><td>Signing Certificate Authority</td><td>A certificate which acts a trust anchor in the verification of the certificate chain for the DSCs issued by a Trust Network participant</td></tr><tr><td><a href="CodeSystem-KeyUsage-UAT.html#KeyUsage-UAT-DSC">DSC</a></td><td>Document Signing Certificate</td><td>A certificate which may be used to verify a digital signature within a Verfifiable Digital Health Certificate</td></tr><tr><td><a href="CodeSystem-KeyUsage-UAT.html#KeyUsage-UAT-UP">UP</a></td><td>Upload</td><td>Used to verify digital signature of cryptographically signed content uploaded to services within the Global Digital Health Certification Network, in particular the Trust Network Gateway</td></tr><tr><td><a href="CodeSystem-KeyUsage-UAT.html#KeyUsage-UAT-TLS">TLS</a></td><td>TLS</td><td>Used for establishing (m)TLS connections with systems, in particular between the Trust Network Gateway and backend systems of a Trust Network Participant</td></tr></table></li></ul></div>
  </text>
  <url value="http://smart.who.int/trust/ValueSet/KeyUsage-UAT"/>
  <version value="1.1.6"/>
  <name value="KeyUsage-UAT"/>
  <title value="WHO GDHCN  Key Usage ValueSet - UAT"/>
  <status value="active"/>
  <experimental value="true"/>
  <date value="2025-09-16T15:53:04+00:00"/>
  <publisher value="WHO"/>
  <contact>
    <name value="WHO"/>
    <telecom>
      <system value="url"/>
      <value value="http://who.int"/>
    </telecom>
  </contact>
  <description value="ValueSet of codes for key usage codes for User Acceptance Testing environment"/>
  <jurisdiction>
    <coding>
      <system value="http://unstats.un.org/unsd/methods/m49/m49.htm"/>
      <code value="001"/>
    </coding>
  </jurisdiction>
  <compose>
    <include>
      <system value="http://smart.who.int/trust/CodeSystem/KeyUsage-UAT"/>
      <concept>
        <code value="SCA"/>
        <display value="Signing Certificate Authority"/>
      </concept>
      <concept>
        <code value="DSC"/>
        <display value="Document Signing Certificate"/>
      </concept>
      <concept>
        <code value="UP"/>
        <display value="Upload"/>
      </concept>
      <concept>
        <code value="TLS"/>
        <display value="TLS"/>
      </concept>
    </include>
  </compose>
</ValueSet>