<?xml version="1.0" encoding="UTF-8"?>

<ValueSet xmlns="http://hl7.org/fhir">
  <id value="Transactions"/>
  <text>
    <status value="generated"/><div xmlns="http://www.w3.org/1999/xhtml"><p class="res-header-id"><b>Generated Narrative: ValueSet Transactions</b></p><a name="Transactions"> </a><a name="hcTransactions"> </a><ul><li>Include all codes defined in <a href="CodeSystem-Transactions.html"><code>http://smart.who.int/trust/CodeSystem/Transactions</code></a></li></ul></div>
  </text>
  <url value="http://smart.who.int/trust/ValueSet/Transactions"/>
  <version value="1.1.6"/>
  <name value="Transactions"/>
  <title value="WHO GDHCN Transaction Codes"/>
  <status value="active"/>
  <experimental value="true"/>
  <date value="2025-09-16T15:53:04+00:00"/>
  <publisher value="WHO"/>
  <contact>
    <name value="WHO"/>
    <telecom>
      <system value="url"/>
      <value value="http://who.int"/>
    </telecom>
  </contact>
  <description value="ValueSet of WHO GDHCN Transaction Codes"/>
  <jurisdiction>
    <coding>
      <system value="http://unstats.un.org/unsd/methods/m49/m49.htm"/>
      <code value="001"/>
    </coding>
  </jurisdiction>
  <compose>
    <include>
      <system value="http://smart.who.int/trust/CodeSystem/Transactions"/>
    </include>
  </compose>
</ValueSet>